date, inbox
05/02/2021,1196
07/02/2021,1229
08/02/2021,1127
09/02/2021,1257
10/02/2021,1236
11/02/2021,1266
12/02/2021,1299
13/02/2021,1317
14/02/2021,1187
15/02/2021,1174
16/02/2021,1188
19/02/2021,1267
20/02/2021,1264
21/02/2021,1211
22/02/2021,1098
23/02/2021,1150
24/02/2021,1167
25/02/2021,1152
26/02/2021,1139
27/02/2021,1141
04/03/2021,1213
05/03/2021,1195
06/03/2021,1200
07/03/2021,1119
08/03/2021,1121
09/03/2021,1127
10/03/2021,1123
11/03/2021,1156
12/03/2021,1163
13/03/2021,1184
14/03/2021,1125
15/03/2021,1123
16/03/2021,1164
17/03/2021,1161
18/03/2021,1167
19/03/2021,1182
20/03/2021,1200
21/03/2021,1190
22/03/2021,1103
23/03/2021,1096
24/03/2021,1107
27/03/2021,1142
28/03/2021,1143
29/03/2021,1139
30/03/2021,1143
31/03/2021,1157
01/04/2021,1154
02/04/2021,1188
03/04/2021,1185
04/04/2021,1177
05/04/2021,1177
06/04/2021,1177
07/04/2021,1173
08/04/2021,1155
09/04/2021,1197
11/04/2021,1107
12/04/2021,1109
13/04/2021,1125
14/04/2021,1134
15/04/2021,1152
16/04/2021,1167
17/04/2021,1179
18/04/2021,1163
19/04/2021,1158
24/04/2021,1245
25/04/2021,1152
26/04/2021,1142
27/04/2021,1167
28/04/2021,1125
29/04/2021,1142
30/04/2021,1169
01/05/2021,1206
02/05/2021,1203
03/05/2021,1200
04/05/2021,1243
07/05/2021,1348
08/05/2021,1296
09/05/2021,1290
10/05/2021,1266
11/05/2021,1202
12/05/2021,1209
13/05/2021,1235
14/05/2021,1237
17/05/2021,1244
19/05/2021,1273
21/05/2021,1341
22/05/2021,1344
23/05/2021,1336
24/05/2021,1285
25/05/2021,1243
26/05/2021,1272
27/05/2021,1297
28/05/2021,1303
29/05/2021,1294
30/05/2021,1294
31/05/2021,1295
01/06/2021,1293
02/06/2021,1327
03/06/2021,1330
05/06/2021,1375
06/06/2021,1370
07/06/2021,1369
10/06/2021,1429
11/06/2021,1364
12/06/2021,1341
13/06/2021,1335
14/06/2021,1335
15/06/2021,1354
16/06/2021,1352
18/06/2021,1389
19/06/2021,1401
22/06/2021,1395
25/06/2021,1402
26/06/2021,1426
28/06/2021,1417
02/07/2021,1452
09/07/2021,1454
10/07/2021,1481
19/07/2021,1487
20/07/2021,1268
23/07/2021,1264
04/08/2021,1406
05/08/2021,1401
06/08/2021,1362
10/08/2021,1376
11/08/2021,1380
12/08/2021,1375
13/08/2021,1379
16/08/2021,1391
17/08/2021,1318
18/08/2021,1275
19/08/2021,1272
20/08/2021,1330
21/08/2021,1328
30/08/2021,1427
31/08/2021,1376
03/09/2021,1408
04/09/2021,1438
07/09/2021,1432
08/09/2021,1460
11/09/2021,1517
12/09/2021,1506
13/09/2021,1498
15/09/2021,1508
16/09/2021,1517
18/09/2021,1516
20/09/2021,1507
21/09/2021,1429
22/09/2021,1417
23/09/2021,1427
24/09/2021,1461
25/09/2021,1478
27/09/2021,1460
28/09/2021,1482
30/09/2021,1525
02/10/2021,1557
05/10/2021,1587
09/10/2021,1608
16/10/2021,1683
17/10/2021,1669
18/10/2021,1660
23/10/2021,1792
24/10/2021,1735
25/10/2021,1600
26/10/2021,1631
27/10/2021,1618
06/11/2021,1740
07/11/2021,1728
08/11/2021,1724
11/11/2021,1725
13/11/2021,1759
14/11/2021,1719
15/11/2021,1685
17/11/2021,1747
20/11/2021,1809
21/11/2021,1794
22/11/2021,1710
27/11/2021,1770
28/11/2021,1766
29/11/2021,1740
04/12/2021,1787
10/12/2021,1886
14/12/2021,1867
18/12/2021,2002
19/12/2021,1986
20/12/2021,1913
21/12/2021,1905
22/12/2021,1867
28/12/2021,1895
29/12/2021,1689
30/12/2021,1500
31/12/2021,1283
01/01/2022,1164
02/01/2022,1026
03/01/2022,1024
05/01/2022,1044
06/01/2022,1044
08/01/2022,1107
09/01/2022,1102
13/01/2022,1209
